skills_id,skills_name,skills_category,skills_description
SKL001,Python Development,Programming Languages,"Expertise in Python Development, focusing on programming languages applications and solutions."
SKL002,JavaScript Development,Web Development,"Expertise in JavaScript Development, focusing on web development applications and solutions."
SKL003,Mobile App Design,Mobile Development,"Expertise in Mobile App Design, focusing on mobile development applications and solutions."
SKL004,Data Visualization,Data Science,"Expertise in Data Visualization, focusing on data science applications and solutions."
SKL005,Neural Networks,AI & Machine Learning,"Expertise in Neural Networks, focusing on ai & machine learning applications and solutions."
SKL006,Graphic Design,Design & Creative,"Expertise in Graphic Design, focusing on design & creative applications and solutions."
SKL007,SEO Strategy,Digital Marketing,"Expertise in SEO Strategy, focusing on digital marketing applications and solutions."
SKL008,Technical Writing,Writing & Content,"Expertise in Technical Writing, focusing on writing & content applications and solutions."
SKL009,Financial Analysis,Business & Analytics,"Expertise in Financial Analysis, focusing on business & analytics applications and solutions."
SKL010,Network Security,IT & Networking,"Expertise in Network Security, focusing on it & networking applications and solutions."
SKL011,Contract Law,Legal,"Expertise in Contract Law, focusing on legal applications and solutions."
SKL012,Spanish Translation,Translation,"Expertise in Spanish Translation, focusing on translation applications and solutions."
SKL013,Ruby on Rails,Programming Languages,"Expertise in Ruby on Rails, focusing on programming languages applications and solutions."
SKL014,React Development,Web Development,"Expertise in React Development, focusing on web development applications and solutions."
SKL015,iOS Development,Mobile Development,"Expertise in iOS Development, focusing on mobile development applications and solutions."
SKL016,Statistical Analysis,Data Science,"Expertise in Statistical Analysis, focusing on data science applications and solutions."
SKL017,Deep Learning,AI & Machine Learning,"Expertise in Deep Learning, focusing on ai & machine learning applications and solutions."
SKL018,UI/UX Design,Design & Creative,"Expertise in UI/UX Design, focusing on design & creative applications and solutions."
SKL019,Social Media Advertising,Digital Marketing,"Expertise in Social Media Advertising, focusing on digital marketing applications and solutions."
SKL020,Copywriting,Writing & Content,"Expertise in Copywriting, focusing on writing & content applications and solutions."
SKL021,Market Research,Business & Analytics,"Expertise in Market Research, focusing on business & analytics applications and solutions."
SKL022,System Administration,IT & Networking,"Expertise in System Administration, focusing on it & networking applications and solutions."
SKL023,Intellectual Property,Legal,"Expertise in Intellectual Property, focusing on legal applications and solutions."
SKL024,French Translation,Translation,"Expertise in French Translation, focusing on translation applications and solutions."
SKL025,PHP Development,Programming Languages,"Expertise in PHP Development, focusing on programming languages applications and solutions."
SKL026,AngularJS Development,Web Development,"Expertise in AngularJS Development, focusing on web development applications and solutions."
SKL027,Android Development,Mobile Development,"Expertise in Android Development, focusing on mobile development applications and solutions."
SKL028,Big Data,Data Science,"Expertise in Big Data, focusing on data science applications and solutions."
SKL029,Machine Learning,AI & Machine Learning,"Expertise in Machine Learning, focusing on ai & machine learning applications and solutions."
SKL030,Brand Design,Design & Creative,"Expertise in Brand Design, focusing on design & creative applications and solutions."
SKL031,Email Marketing,Digital Marketing,"Expertise in Email Marketing, focusing on digital marketing applications and solutions."
SKL032,Blog Writing,Writing & Content,"Expertise in Blog Writing, focusing on writing & content applications and solutions."
SKL033,Data Mining,Business & Analytics,"Expertise in Data Mining, focusing on business & analytics applications and solutions."
SKL034,Cloud Computing,IT & Networking,"Expertise in Cloud Computing, focusing on it & networking applications and solutions."
SKL035,Corporate Law,Legal,"Expertise in Corporate Law, focusing on legal applications and solutions."
SKL036,German Translation,Translation,"Expertise in German Translation, focusing on translation applications and solutions."
SKL037,Node.js Development,Programming Languages,"Expertise in Node.js Development, focusing on programming languages applications and solutions."
SKL038,WordPress Development,Web Development,"Expertise in WordPress Development, focusing on web development applications and solutions."
SKL039,Game Development,Mobile Development,"Expertise in Game Development, focusing on mobile development applications and solutions."
SKL040,Predictive Analytics,Data Science,"Expertise in Predictive Analytics, focusing on data science applications and solutions."
SKL041,Computer Vision,AI & Machine Learning,"Expertise in Computer Vision, focusing on ai & machine learning applications and solutions."
SKL042,Illustration,Design & Creative,"Expertise in Illustration, focusing on design & creative applications and solutions."
SKL043,PPC Campaigns,Digital Marketing,"Expertise in PPC Campaigns, focusing on digital marketing applications and solutions."
SKL044,Creative Writing,Writing & Content,"Expertise in Creative Writing, focusing on writing & content applications and solutions."
SKL045,Quantitative Analysis,Business & Analytics,"Expertise in Quantitative Analysis, focusing on business & analytics applications and solutions."
SKL046,Cybersecurity,IT & Networking,"Expertise in Cybersecurity, focusing on it & networking applications and solutions."
SKL047,Labor Law,Legal,"Expertise in Labor Law, focusing on legal applications and solutions."
SKL048,Chinese Translation,Translation,"Expertise in Chinese Translation, focusing on translation applications and solutions."
